<?xml version="1.0" encoding="UTF-8"?>
<Bucket
   uuid = "5897BC87-E482-4E63-A5E9-1E91C4002029"
   type = "1"
   version = "2.0">
   <Breakpoints>
      <BreakpointProxy
         BreakpointExtensionID = "Xcode.Breakpoint.FileBreakpoint">
         <BreakpointContent
            uuid = "BA383201-C0E8-4400-96A7-EC8015C95D08"
            shouldBeEnabled = "No"
            ignoreCount = "0"
            continueAfterRunningActions = "No"
            filePath = "Split Shrink FINAL/ThirdViewController.swift"
            startingColumnNumber = "9223372036854775807"
            endingColumnNumber = "9223372036854775807"
            startingLineNumber = "159"
            endingLineNumber = "159"
            landmarkName = "hideButtons(plusOne:plusTwo:plusThree:minusOne:minusTwo:minusThree:)"
            landmarkType = "7">
         </BreakpointContent>
      </BreakpointProxy>
      <BreakpointProxy
         BreakpointExtensionID = "Xcode.Breakpoint.FileBreakpoint">
         <BreakpointContent
            uuid = "D7B0B69D-1B3D-4BE0-BEBF-7095345E04B4"
            shouldBeEnabled = "No"
            ignoreCount = "0"
            continueAfterRunningActions = "No"
            filePath = "Split Shrink FINAL/ThirdViewController.swift"
            startingColumnNumber = "9223372036854775807"
            endingColumnNumber = "9223372036854775807"
            startingLineNumber = "159"
            endingLineNumber = "159"
            landmarkName = "hideButtons(plusOne:plusTwo:plusThree:minusOne:minusTwo:minusThree:)"
            landmarkType = "7">
         </BreakpointContent>
      </BreakpointProxy>
      <BreakpointProxy
         BreakpointExtensionID = "Xcode.Breakpoint.FileBreakpoint">
         <BreakpointContent
            uuid = "FB98624D-2371-4CDB-85DC-8782E6027EA6"
            shouldBeEnabled = "No"
            ignoreCount = "0"
            continueAfterRunningActions = "No"
            filePath = "Split Shrink FINAL/ThirdViewController.swift"
            startingColumnNumber = "9223372036854775807"
            endingColumnNumber = "9223372036854775807"
            startingLineNumber = "159"
            endingLineNumber = "159"
            landmarkName = "hideButtons(plusOne:plusTwo:plusThree:minusOne:minusTwo:minusThree:)"
            landmarkType = "7">
         </BreakpointContent>
      </BreakpointProxy>
      <BreakpointProxy
         BreakpointExtensionID = "Xcode.Breakpoint.FileBreakpoint">
         <BreakpointContent
            uuid = "19B08666-FC18-49C6-B7D3-E4EE9968FE74"
            shouldBeEnabled = "Yes"
            ignoreCount = "0"
            continueAfterRunningActions = "No"
            filePath = "Split Shrink FINAL/ThirdViewController.swift"
            startingColumnNumber = "9223372036854775807"
            endingColumnNumber = "9223372036854775807"
            startingLineNumber = "71"
            endingLineNumber = "71"
            landmarkName = "levelsToValues()"
            landmarkType = "7">
         </BreakpointContent>
      </BreakpointProxy>
   </Breakpoints>
</Bucket>
